{"simlink creation": 6787.346152067184, "thumbnail extraction": 362.30966114997864, "nude detection": 3162.3900787830353, "video hashing": 2316.9021294116974, "video clustering": 4.5299530029296875e-06, "video mapping": 0.4981985092163086, "image hashing": 4759.764789581299, "image clustering": 765.1036293506622, "image mapping": 5.995050430297852, "reading raw messages": 5703.1035261154175, "uuid mapping": 165.11103343963623, "message clustering": 15.66866397857666, "misc fixes": 547.5979113578796, "data dump": 156.40650153160095, "database import": 234.7042269706726, "dataindexer": 415.17004442214966}